"STATION","DATE","LATITUDE","LONGITUDE","ELEVATION","NAME","AWND","AWND_ATTRIBUTES","CDSD","CDSD_ATTRIBUTES","CLDD","CLDD_ATTRIBUTES","DP01","DP01_ATTRIBUTES","DP10","DP10_ATTRIBUTES","DP1X","DP1X_ATTRIBUTES","DSND","DSND_ATTRIBUTES","DSNW","DSNW_ATTRIBUTES","DT00","DT00_ATTRIBUTES","DT32","DT32_ATTRIBUTES","DX32","DX32_ATTRIBUTES","DX70","DX70_ATTRIBUTES","DX90","DX90_ATTRIBUTES","DYFG","DYFG_ATTRIBUTES","DYHF","DYHF_ATTRIBUTES","DYTS","DYTS_ATTRIBUTES","EMNT","EMNT_ATTRIBUTES","EMSD","EMSD_ATTRIBUTES","EMSN","EMSN_ATTRIBUTES","EMXP","EMXP_ATTRIBUTES","EMXT","EMXT_ATTRIBUTES","FZF5","FZF5_ATTRIBUTES","HDSD","HDSD_ATTRIBUTES","HTDD","HTDD_ATTRIBUTES","PRCP","PRCP_ATTRIBUTES","PSUN","PSUN_ATTRIBUTES","SNOW","SNOW_ATTRIBUTES","TAVG","TAVG_ATTRIBUTES","TMAX","TMAX_ATTRIBUTES","TMIN","TMIN_ATTRIBUTES","TSUN","TSUN_ATTRIBUTES","WDF2","WDF2_ATTRIBUTES","WDF5","WDF5_ATTRIBUTES","WDFG","WDFG_ATTRIBUTES","WDFM","WDFM_ATTRIBUTES","WSF2","WSF2_ATTRIBUTES","WSF5","WSF5_ATTRIBUTES","WSFG","WSFG_ATTRIBUTES","WSFM","WSFM_ATTRIBUTES"
"USW00023188","1939","32.7336","-117.1831","4.6","SAN DIEGO INTERNATIONAL AIRPORT, CA US","","","","","","","","","","","","","","","","","","","","","","","","","","","        27"," ","","","         4"," ","","","","","","","","","","","","","","","","","","","","","","","","","","","","","","","","","","","","","","","","","","","","","",""
"USW00023188","1940","32.7336","-117.1831","4.6","SAN DIEGO INTERNATIONAL AIRPORT, CA US","","","    273.4","","     273.4","0","        49","0","        28","0","         3","0","        0","","         0","0","         0","0","         0","0","         0","0","       215","0","         6","0","        28"," ","","","         2"," ","    4.4","0,0115, ","     0"," ,0,1231,+","     0"," ,0,1231,+","  58.7"," ,0,1223, ","   35.0","0,0413, ","","","     522.0","0","     522.0","0","    385.2"," ,0","","","        0"," ,0","     17.57","0","     21.79","0","     13.35","0","","","","","","","","","","","","","","","","","",""
"USW00023188","1941","32.7336","-117.1831","4.6","SAN DIEGO INTERNATIONAL AIRPORT, CA US","","","    350.3","","     350.3","0","        75","0","        43","0","         7","0","        0","","         0","0","         0","0","         0","0","         0","0","       236","0","         1","0","        14"," ","","","         8"," ","    4.4","0,1121, ","     0"," ,0,1231,+","     0","T,0,0222, ","  43.4"," ,0,1112, ","   32.2","0,1105, ","","","     502.9","9","     502.9","0","    633.9"," ,0","","","        0","T,0","     17.81","0","     22.30","0","     13.32","0","","","","","","","","","","","","","","","","","",""
"USW00023188","1942","32.7336","-117.1831","4.6","SAN DIEGO INTERNATIONAL AIRPORT, CA US","","","    262.4","","     262.4","0","        42","0","        18","0","         1","0","        0","","         0","0","         0","0","         0","0","         0","0","       213","0","         2","0","        39"," ","","","         3"," ","    2.2","0,0215,+","     0"," ,0,1231,+","     0","T,0,0213, ","  35.3"," ,0,0314, ","   32.2","0,1021,+","","","     713.7","7","     713.7","0","    151.2"," ,0","","","        0","T,0","     17.01","0","     21.60","0","     12.42","0","","","","","","","","","","","","","","","","","",""
"USW00023188","1943","32.7336","-117.1831","4.6","SAN DIEGO INTERNATIONAL AIRPORT, CA US","","","    319.6","","     319.6","0","        52","0","        27","0","         6","0","        0","","         0","0","         0","0","         0","0","         0","0","       226","0","         0","0","        23"," ","","","         2"," ","    4.4","0,0120, ","     0"," ,0,1231,+","     0"," ,0,1231,+","  65.0"," ,0,1210, ","   30.6","0,0519,+","","","     633.5","5","     633.5","0","    450.8"," ,0","","","        0"," ,0","     17.50","0","     22.15","0","     12.85","0","","","","","","","","","","","","","","","","","",""
"USW00023188","1944","32.7336","-117.1831","4.6","SAN DIEGO INTERNATIONAL AIRPORT, CA US","","","    153.4","","     153.4","0","        52","0","        24","0","         4","0","        0","","         0","0","         0","0","         0","0","         0","0","       200","0","         0","0","        61"," ","","","         6"," ","    4.4","0,1231,+","     0"," ,0,1231,+","     0","T,0,0222,+","  49.8"," ,0,1111, ","   29.4","0,0829, ","","","     775.9","9","     775.9","0","    331.9"," ,0","","","        0","T,0","     16.56","0","     21.08","0","     12.04","0","","","","","","","","","","","","","","","","","",""
"USW00023188","1945","32.7336","-117.1831","4.6","SAN DIEGO INTERNATIONAL AIRPORT, CA US","","","    361.1","","     361.1","0","        42","0","        21","0","         1","0","        0","","         0","0","         0","0","         0","0","         0","0","       193","0","         4","0","        99"," ","","","         2"," ","    3.9","0,0122, ","     0"," ,0,1231,+","     0"," ,0,1231,+","  66.0"," ,0,1222, ","   34.4","0,1002, ","","","     842.4","4","     842.4","0","    234.8"," ,0","","","        0"," ,0","     16.98","0","     21.29","0","     12.67","0","","","","","","","","","","","","","","","","","",""
"USW00023188","1946","32.7336","-117.1831","4.6","SAN DIEGO INTERNATIONAL AIRPORT, CA US","","","    401.2","","     401.2","0","        39","0","        21","0","         1","0","        0","","         0","0","         0","0","         0","0","         0","0","       199","0","         1","0","       120"," ","","","","","    3.3","0,0212,+","     0"," ,0,1231,+","     0"," ,0,1231,+","  25.4"," ,0,0330, ","   32.2","0,0918, ","","","     752.4","4","     752.4","0","    222.5"," ,0","","","        0"," ,0","     17.19","0","     21.61","0","     12.78","0","","","","","","","","","","","","","","","","","",""
"USW00023188","1947","32.7336","-117.1831","4.6","SAN DIEGO INTERNATIONAL AIRPORT, CA US","","","    367.3","","     367.3","0","        32","0","        14","0","         1","0","        0","","         0","0","         0","0","         0","0","         0","0","       223","0","         2","0","        86"," ","","","         6"," ","    1.1","0,0116, ","     0"," ,0,1231,+","     0"," ,0,1231,+","  26.7"," ,0,1205, ","   33.3","0,0413,+","","","     731.3","3","     731.3","0","    160.0"," ,0","","","        0"," ,0","     17.34","0","     22.04","0","     12.64","0","","","","","","","","","","","","","","","","","",""
"USW00023188","1948","32.7336","-117.1831","4.6","SAN DIEGO INTERNATIONAL AIRPORT, CA US","","","    185.9","","     185.9","0","        34","0","        15","0","         1","0","        0","","         0","0","         0","0","         0","0","         0","0","       191","0","         1","0","        99"," ","","","         1"," ","    2.2","0,0128, ","     0"," ,0,1231,+","     0"," ,0,1231,+","  25.4"," ,0,1018, ","   32.2","0,0415, ","","","     901.6","6","     901.6","0","    168.6"," ,0","","","        0"," ,0","     16.26","0","     20.88","0","     11.64","0","","","","","","","","","","","","","","","","","",""
"USW00023188","1949","32.7336","-117.1831","4.6","SAN DIEGO INTERNATIONAL AIRPORT, CA US","","","    353.9","","     353.9","0","        53","0","        25","0","         1","0","        0","","         0","0","         0","0","         2","0","         0","0","       193","0","         4","0","        82"," ","","","         1"," ","   -1.7","0,0104, ","     0"," ,0,1231,+","     0","T,0,0111,+","  27.7"," ,0,0112, ","   33.3","0,1104,+","-1.1","0,0105","    1058.9","9","    1058.9","0","    225.4"," ,0","","","        0","T,0","     16.55","0","     20.95","0","     12.15","0","","","","","","","","","","","","","","","","","",""
"USW00023188","1950","32.7336","-117.1831","4.6","SAN DIEGO INTERNATIONAL AIRPORT, CA US","","","    246.3","","     246.3","0","        35","0","        12","0","         3","0","        0","","         0","0","         0","0","         0","0","         0","0","       184","0","         3","0","       152"," ","","","         1"," ","    1.7","0,0106, ","     0"," ,0,1231,+","     0","T,0,0325,+","  47.0"," ,0,0129, ","   33.3","0,1103, ","","","     902.8","8","     902.8","0","    195.6"," ,0","","","        0","T,0","     16.75","0","     20.80","0","     12.70","0","","","","","","","","","","","","","","","","","",""
"USW00023188","1951","32.7336","-117.1831","4.6","SAN DIEGO INTERNATIONAL AIRPORT, CA US","","","    253.8","","     253.8","0","        53","0","        28","0","         1","0","        0","","         0","0","         0","0","         0","0","         0","0","       175","0","         2","0","       101"," ","","","         3"," ","    2.8","0,1209, ","     0"," ,0,1231,+","     0","T,0,1206,+","  49.8"," ,0,1230, ","   32.8","0,1007, ","","","     710.6","6","     710.6","0","    285.1"," ,0","","","        0","T,0","     16.86","0","     20.83","0","     12.88","0","","","","","","","","","","","","","","","","","",""
"USW00023188","1952","32.7336","-117.1831","4.6","SAN DIEGO INTERNATIONAL AIRPORT, CA US","","","    273.3","","     273.3","0","        54","0","        34","0","         4","0","        0","","         0","0","         0","0","         0","0","         0","0","       181","0","         2","0","       108"," ","","","         2"," ","    2.2","0,0103, ","     0"," ,0,1231,+","     0","T,0,1228,+","  53.6"," ,0,0307, ","   32.2","0,0919,+","","","     829.2","2","     829.2","0","    395.1"," ,0","","","        0","T,0","     16.75","0","     20.74","0","     12.74","0","","","","","","","","","","","","","","","","","",""
"USW00023188","1953","32.7336","-117.1831","4.6","SAN DIEGO INTERNATIONAL AIRPORT, CA US","","","    351.4","","     351.4","0","        26","0","         9","0","         0","0","        0","","         0","0","         0","0","         0","0","         0","0","       203","0","         6","0","        77"," ","","","         1"," ","    3.3","0,0220, ","     0"," ,0,1231,+","     0","T,0,0329,+","  15.0"," ,0,0301, ","   35.6","0,0505, ","","","     786.4","4","     786.4","0","     86.8"," ,0","","","        0","T,0","     17.31","0","     21.78","0","     12.84","0","","","","","","","","","","","","","","","","","",""
"USW00023188","1954","32.7336","-117.1831","4.6","SAN DIEGO INTERNATIONAL AIRPORT, CA US","","","    343.8","","     343.8","0","        31","0","        19","0","         1","0","        0","","         0","0","         0","0","         0","0","         0","0","       190","0","         0","0","       115"," ","","","         2"," ","    3.3","0,1228, ","     0"," ,0,1231,+","     0","T,0,0317, ","  35.3"," ,0,0322, ","   31.1","0,0830,+","","","     687.4","4","     687.4","0","    242.0"," ,0","","","        0","T,0","     17.43","0","     21.53","0","     13.32","0","","","","","","","","","","","","","","","","","",""
"USW00023188","1955","32.7336","-117.1831","4.6","SAN DIEGO INTERNATIONAL AIRPORT, CA US","","","    316.3","","     316.3","0","        43","0","        18","0","         1","0","        0","","         0","0","         0","0","         0","0","         0","0","       160","0","         4","0","        92"," ","","","","","    3.3","0,0219,+","     0"," ,0,1231,+","     0"," ,0,1231,+","  33.3"," ,0,0110, ","   40.0","0,0901, ","","","     775.5","5","     775.5","0","    175.6"," ,0","","","        0"," ,0","     16.83","0","     20.79","0","     12.87","0","","","","","","","","","","","","","","","","","",""
"USW00023188","1956","32.7336","-117.1831","4.6","SAN DIEGO INTERNATIONAL AIRPORT, CA US","","","    391.0","","     391.0","0","        25","0","         9","0","         0","0","        0","","         0","0","         0","0","         0","0","         0","0","       199","0","         7","0","        91"," ","","","","","    3.3","0,0217, ","     0"," ,0,1231,+","     0"," ,0,1231,+","  23.4"," ,0,0127, ","   35.6","0,1109,+","","","     875.0","0","     875.0","0","    111.7"," ,0","","","        0"," ,0","     17.28","0","     21.58","0","     12.99","0","","","","","","","","","","","","","","","","","",""
"USW00023188","1957","32.7336","-117.1831","4.6","SAN DIEGO INTERNATIONAL AIRPORT, CA US","","","    424.4","","     424.4","0","        59","0","        34","0","         1","0","        0","","         0","0","         0","0","         0","0","         0","0","       200","0","         3","0","        82"," ","","","         8"," ","    5.6","0,0131,+","     0"," ,0,1231,+","     0"," ,0,1231,+","  32.3"," ,0,0107, ","   36.1","0,0618, ","","","     587.8","8","     587.8","0","    308.4"," ,0","","","        0"," ,0","     17.89","0","     21.78","0","     14.00","0","","","","","","","","","","","","","","","","","",""
"USW00023188","1958","32.7336","-117.1831","4.6","SAN DIEGO INTERNATIONAL AIRPORT, CA US","","","    568.6","","     568.6","0","        46","0","        26","0","         2","0","        0","","         0","0","         0","0","         0","0","         0","0","       245","0","         5","0","        95"," ","","","         8"," ","    5.0","0,1117, ","     0"," ,0,1231,+","     0"," ,0,1231,+","  34.8"," ,0,0203, ","   36.7","0,1017, ","","","     498.8","8","     498.8","0","    278.0"," ,0","","","        0"," ,0","     18.59","0","     22.85","0","     14.32","0","","","","","","","","","","","","","","","","","",""
"USW00023188","1959","32.7336","-117.1831","4.6","SAN DIEGO INTERNATIONAL AIRPORT, CA US","","","    557.0","","     557.0","0","        26","0","        12","0","         1","0","        0","","         0","0","         0","0","         0","0","         0","0","       250","0","         2","0","        75"," ","","","","","    6.1","0,0213, ","     0"," ,0,1231,+","     0"," ,0,1231,+","  26.2"," ,0,0221, ","   38.9","0,0911, ","","","     411.2","2","     411.2","0","    149.7"," ,0","","","        0"," ,0","     18.73","0","     22.74","0","     14.72","0","","","","","","","","","","","","","","","","","",""
"USW00023188","1960","32.7336","-117.1831","4.6","SAN DIEGO INTERNATIONAL AIRPORT, CA US","","","    438.1","","     438.1","0","        39","0","        20","0","         1","0","        0","","         0","0","         0","0","         0","0","         0","0","       206","0","         3","0","       103"," ","","","         2"," ","    1.7","0,1209, ","     0"," ,0,1231,+","     0"," ,0,1231,+","  30.7"," ,0,0112, ","   33.3","0,0402, ","","","     589.3","3","     589.3","0","    179.3"," ,0","","","        0"," ,0","     17.55","0","     21.86","0","     13.24","0","","","","","","","","","","","","","","","","","",""
"USW00023188","1961","32.7336","-117.1831","4.6","SAN DIEGO INTERNATIONAL AIRPORT, CA US","","","    386.4","","     386.4","0","        30","0","        13","0","         0","0","        0","","         0","0","         0","0","         0","0","         0","0","       188","0","         5","0","        83"," ","","","         2"," ","    6.1","0,1228,+","     0"," ,0,1231,+","     0"," ,0,1231,+","  24.6"," ,0,0126, ","   41.7","0,1014, ","","","     666.6","6","     666.6","0","    117.1"," ,0","","","        0"," ,0","     17.50","0","     21.70","0","     13.28","0","","","","","","","","","","","","","","","","","",""
"USW00023188","1962","32.7336","-117.1831","4.6","SAN DIEGO INTERNATIONAL AIRPORT, CA US","","","    234.5","","     234.5","0","        39","0","        20","0","         1","0","        0","","         0","0","         0","0","         0","0","         0","0","       176","0","         0","0","       116"," ","","","         2"," ","    4.4","0,1231,+","     0"," ,0,1231,+","     0"," ,0,1231,+","  34.8"," ,0,0120, ","   31.7","0,1030,+","","","     828.3","3","     828.3","0","    188.2"," ,0","","","        0"," ,0","     16.71","0","     20.71","0","     12.71","0","","","","","","","","","","","","","","","","","",""
"USW00023188","1963","32.7336","-117.1831","4.6","SAN DIEGO INTERNATIONAL AIRPORT, CA US","","","    416.8","","     416.8","0","        41","0","        18","0","         1","0","        0","","         0","0","         0","0","         1","0","         0","0","       210","0","         5","0","        66"," ","","","","","   -0.6","0,0113, ","     0"," ,0,1231,+","     0"," ,0,1231,+","  37.1"," ,0,1120, ","   43.9","0,0926, ","-0.6","0,0113","     769.0","0","     769.0","0","    196.6"," ,0","","","        0"," ,0","     17.55","0","     21.95","0","     13.15","0","","","","","","","","","","","","","","","","","",""
"USW00023188","1964","32.7336","-117.1831","4.6","SAN DIEGO INTERNATIONAL AIRPORT, CA US","","","    312.6","","     312.6","0","        39","0","        13","0","         0","0","        0","","         0","0","         0","0","         0","0","         0","0","       180","0","         3","0","        68"," ","","","         3"," ","    3.3","0,1214,+","     0"," ,0,1231,+","     0"," ,0,1231,+","  20.8"," ,0,0121, ","   36.1","0,1019, ","","","     806.0","0","     806.0","0","    134.1"," ,0","","","        0"," ,0","     16.74","0","     20.97","0","     12.51","0","","","","","","","","","","","","","","","","","",""
"USW00023188","1965","32.7336","-117.1831","4.6","SAN DIEGO INTERNATIONAL AIRPORT, CA US","","","    321.1","","     321.1","0","        52","0","        36","0","         7","0","        0","","         0","0","         0","0","         0","0","         0","0","       179","0","         6","0","        75"," ","        18"," ","         2"," ","    3.3","0,0212,+","     0"," ,0,1231,+","     0"," ,0,1231,+","  54.6"," ,0,1210, ","   40.0","0,1022, ","","","     831.9","9","     831.9","0","    483.5"," ,0","      68.2","X","        0"," ,0","     16.98","0","     21.05","0","     12.91","0","   180810","X","","","","","","","       180","X","","","","","","","      14.8","X"
"USW00023188","1966","32.7336","-117.1831","4.6","SAN DIEGO INTERNATIONAL AIRPORT, CA US","","","    375.7","","     375.7","0","        26","0","        11","0","         1","0","        0","","         0","0","         0","0","         0","0","         0","0","       181","0","         2","0","        79"," ","        29"," ","         5"," ","    3.3","0,1229,+","     0"," ,0,1231,+","     0"," ,0,1231,+","  34.0"," ,0,1205, ","   36.1","0,1101, ","","","     816.5","5","     816.5","0","    182.7"," ,0","      71.7","X","        0"," ,0","     17.22","0","     20.94","0","     13.50","0","   189162","X","","","","","","","       180","X","","","","","","","      14.8","X"
"USW00023188","1967","32.7336","-117.1831","4.6","SAN DIEGO INTERNATIONAL AIRPORT, CA US","","","    439.3","","     439.3","0","        45","0","        26","0","         3","0","        0","","         0","0","         0","0","         0","0","         0","0","       185","0","         2","0","        88"," ","        31"," ","         4"," ","    3.3","0,1214,+","     0"," ,0,1231,+","     0","T,0,1213, ","  38.9"," ,0,0122, ","   32.8","0,1016,+","","","     807.2","2","     807.2","0","    285.0"," ,0","      69.5","X","        0","T,0","     17.34","0","     21.23","0","     13.44","0","   183192","X","","","","","","","       180","X","","","","","","","      14.3","X"
"USW00023188","1968","32.7336","-117.1831","4.6","SAN DIEGO INTERNATIONAL AIRPORT, CA US","","","    421.6","","     421.6","0","        32","0","         8","0","         1","0","        0","","         0","0","         0","0","         0","0","         0","0","       205","0","         2","0","        73"," ","        31"," ","","","    2.2","0,1222, ","     0"," ,0,1231,+","     0"," ,0,1231,+","  33.8"," ,0,0308, ","   33.9","0,0924, ","","","     563.3","3","     563.3","0","     93.8"," ,0","      70.4","X","        0"," ,0","     17.81","0","     21.68","0","     13.95","0","   187098","X","","","","","","","       225","X","","","","","","","      14.3","X"
"USW00023188","1969","32.7336","-117.1831","4.6","SAN DIEGO INTERNATIONAL AIRPORT, CA US","","","    357.9","","     357.9","0","        52","0","        24","0","         1","0","        0","","         0","0","         0","0","         0","0","         0","0","       175","0","         0","0","        74"," ","        13"," ","         1"," ","    3.3","0,0130, ","     0"," ,0,1231,+","     0"," ,0,1231,+","  51.1"," ,0,0114, ","   31.7","0,0822, ","","","     764.1","1","     764.1","0","    299.3"," ,0","      66.5","X","        0"," ,0","     17.46","0","     20.90","0","     14.01","0","   176016","X","","","","","","","       180","X","","","","","","","      15.6","X"
"USW00023188","1970","32.7336","-117.1831","4.6","SAN DIEGO INTERNATIONAL AIRPORT, CA US","","","    368.7","","     368.7","0","        36","0","        19","0","         1","0","        0","","         0","0","         0","0","         0","0","         0","0","       172","0","         3","0","        80"," ","        19"," ","","","    3.9","0,0103, ","     0"," ,0,1231,+","     0"," ,0,1231,+","  41.7"," ,0,0228, ","   36.1","0,0927, ","","","     570.1","1","     570.1","0","    238.4"," ,0","      71.0","X","        0"," ,0","     17.51","0","     20.86","0","     14.15","0","   189582","X","","","","","       180","X","       180","X","","","","","      21.6","X","      15.2","X"
"USW00023188","1971","32.7336","-117.1831","4.6","SAN DIEGO INTERNATIONAL AIRPORT, CA US","","","    465.4","","     465.4","0","        39","0","        20","0","         0","0","        0","","         0","0","         0","0","         0","0","         0","0","       161","0","         7","0","        93"," ","        24"," ","         5"," ","    0.6","0,0105, ","     0"," ,0,1231,+","     0"," ,0,1231,+","  24.4"," ,0,0217, ","   38.3","0,1006, ","","","     866.2","2","     866.2","0","    220.9"," ,0","      68.8","X","        0"," ,0","     16.97","0","     20.59","0","     13.35","0","   183228","X","","","","","       270","X","       135","X","","","","","      19.5","X","      13.4","X"
"USW00023188","1972","32.7336","-117.1831","4.6","SAN DIEGO INTERNATIONAL AIRPORT, CA US","","","    397.4","","     397.4","0","        36","0","        14","0","         1","0","        0","","         0","0","         0","0","         0","0","         0","0","       205","0","         3","0","        79"," ","        16"," ","         1"," ","    2.8","0,0105, ","     0"," ,0,1231,+","     0"," ,0,1231,+","  27.2"," ,0,1116, ","   33.3","0,0728, ","","","     768.3","3","     768.3","0","    164.7"," ,0","      69.4","X","        0"," ,0","     17.56","0","     21.23","0","     13.89","0","   185028","X","","","","","       270","X","       135","X","","","","","      21.1","X","      13.0","X"
"USW00023188","1973","32.7336","-117.1831","4.6","SAN DIEGO INTERNATIONAL AIRPORT, CA US","","","    330.7","","     330.7","0","        49","0","        20","0","         0","0","        0","","         0","0","         0","0","         0","0","         0","0","       181","0","         5","0","        82"," ","        20"," ","         3"," ","    3.3","0,0105, ","     0"," ,0,1231,+","     0"," ,0,1231,+","  18.0"," ,0,0311, ","   33.9","0,0927, ","","","     697.0","0","     697.0","0","    190.2"," ,0","      64.0","X","        0"," ,0","     17.42","0","     21.00","0","     13.83","0","   167874","X","","","","","       270","X","       180","X","","","","","      17.5","X","      14.8","X"
"USW00023188","1974","32.7336","-117.1831","4.6","SAN DIEGO INTERNATIONAL AIRPORT, CA US","","","    374.9","","     374.9","0","        29","0","        15","0","         2","0","        0","","         0","0","         0","0","         0","0","         0","0","       199","0","         2","0","        75"," ","        18"," ","","","    2.2","0,1225, ","     0"," ,0,1231,+","     0"," ,0,1231,+","  36.3"," ,0,1204, ","   33.3","0,1016, ","","","     637.8","8","     637.8","0","    206.6"," ,0","      67.1","X","        0"," ,0","     17.55","0","     21.18","0","     13.93","0","   176904","X","","","","","       225","X","       225","X","","","","","      18.5","X","      14.8","X"
"USW00023188","1975","32.7336","-117.1831","4.6","SAN DIEGO INTERNATIONAL AIRPORT, CA US","","","    289.6","","     289.6","0","        37","0","        21","0","         1","0","        0","","         0","0","         0","0","         0","0","         0","0","       173","0","         3","0","       104"," ","        30"," ","         2"," ","    4.4","0,0103, ","     0"," ,0,1231,+","     0"," ,0,1231,+","  36.6"," ,0,0306, ","   39.4","0,0923, ","","","     797.4","4","     797.4","0","    212.7"," ,0","      68.9","X","        0"," ,0","     16.88","0","     20.56","0","     13.19","0","   181122","X","","","","","       270","X","       270","X","","","","","      19.0","X","      13.4","X"
"USW00023188","1976","32.7336","-117.1831","4.6","SAN DIEGO INTERNATIONAL AIRPORT, CA US","","","    644.2","","     644.2","0","        34","0","        21","0","         2","0","        0","","         0","0","         0","0","         0","0","         0","0","       249","0","         7","0","        76"," ","        19"," ","         5"," ","    2.8","0,0102, ","     0"," ,0,1231,+","     0"," ,0,1231,+","  43.4"," ,0,0208, ","   36.1","0,1104, ","","","     599.3","3","     599.3","0","    285.3"," ,0","      68.9","X","        0"," ,0","     18.81","0","     22.63","0","     15.01","0","   181596","X","","","","","       293","X","       293","X","","","","","      19.0","X","      14.3","X"
"USW00023188","1977","32.7336","-117.1831","4.6","SAN DIEGO INTERNATIONAL AIRPORT, CA US","","","    488.5","","     488.5","0","        44","0","        19","0","         3","0","        0","","         0","0","         0","0","         0","0","         0","0","       209","0","         0","0","       109"," ","        22"," ","         4"," ","    6.7","0,0315, ","     0"," ,0,1231,+","     0"," ,0,1231,+","  37.8"," ,0,0508, ","   30.6","0,0726, ","","","     488.6","6","     488.6","0","    234.5"," ,0","      71.0","X","        0"," ,0","     18.44","0","     21.79","0","     15.09","0","   188166","X","","","","","       180","X","       315","X","","","","","      17.5","X","      14.8","X"
"USW00023188","1978","32.7336","-117.1831","4.6","SAN DIEGO INTERNATIONAL AIRPORT, CA US","","","    679.7","","     679.7","0","        61","0","        43","0","         3","0","        0","","         0","0","         0","0","         0","0","         0","0","       231","0","         7","0","       104"," ","        14"," ","         2"," ","    1.1","0,1208, ","     0"," ,0,1231,+","     0"," ,0,1231,+","  53.8"," ,0,0114, ","   38.3","0,0925, ","","","     259.8","8","     259.8","0","    493.4"," ,0","      70.4","X","        0"," ,0","     19.00","0","     22.35","0","     15.64","0","   189582","X","","","","","       180","X","       135","X","","","","","      23.6","X","      16.1","X"
"USW00023188","1979","32.7336","-117.1831","4.6","SAN DIEGO INTERNATIONAL AIRPORT, CA US","","","    650.9","","     650.9","0","        46","0","        20","0","         2","0","        0","","         0","0","         0","0","         0","0","         0","0","       214","0","        11","0","       107"," ","        22"," ","         3"," ","    4.4","0,0129, ","     0","T,0,0131, ","     0"," ,0,1231,+","  65.3"," ,0,0131, ","   38.3","0,0610, ","","","     632.7","7","     632.7","0","    295.6"," ,0","      71.6","X","        0"," ,0","     18.63","0","     22.27","0","     15.00","0","   188838","X","","","","","       315","X","       315","X","","","","","      17.5","X","      12.5","X"
"USW00023188","1980","32.7336","-117.1831","4.6","SAN DIEGO INTERNATIONAL AIRPORT, CA US","","","    530.3","","     530.3","0","        48","0","        25","0","         3","0","        0","","         0","0","         0","0","         0","0","         0","0","       235","0","         3","0","       137"," ","        26"," ","         7"," ","    6.7","0,1119, ","     0"," ,0,1231,+","     0"," ,0,1231,+","  48.8"," ,0,0129, ","   35.0","0,0628, ","","","     356.2","2","     356.2","0","    380.3"," ,0","      72.2","X","        0"," ,0","     18.81","0","     22.34","0","     15.28","0","   192348","X","","","","","       180","X","       135","X","","","","","      23.1","X","      25.0","X"
"USW00023188","1981","32.7336","-117.1831","4.6","SAN DIEGO INTERNATIONAL AIRPORT, CA US","","","    768.6","","     768.6","0","        36","0","        20","0","         3","0","        0","","         0","0","         0","0","         0","0","         0","0","       238","0","         5","0","       120"," ","        30"," ","         3"," ","    6.7","0,0201,+","     0"," ,0,1231,+","     0"," ,0,1231,+","  41.7"," ,0,0301, ","   37.8","0,0616, ","","","     346.8","8","     346.8","0","    260.6"," ,0","      71.0","X","        0"," ,0","     19.49","0","     22.83","0","     16.15","0","   187686","X","","","","","       135","X","       315","X","","","","","      15.4","X","      12.5","X"
"USW00023188","1982","32.7336","-117.1831","4.6","SAN DIEGO INTERNATIONAL AIRPORT, CA US","","","    566.2","","     566.2","0","        56","0","        29","0","         2","0","        0","","         0","0","         0","0","         0","0","         0","0","       212","0","         3","0","       106"," ","        14"," ","         4"," ","    4.4","0,0108, ","     0"," ,0,1231,+","     0"," ,0,1231,+","  51.6"," ,0,0317, ","   32.8","0,0903, ","","","     464.7","7","     464.7","0","    329.7"," ,0","      63.8","X","        0"," ,0","     18.42","0","     21.93","0","     14.91","0","   168420","X","","","","","       225","X","","","","","","","      23.1","X","",""
"USW00023188","1983","32.7336","-117.1831","4.6","SAN DIEGO INTERNATIONAL AIRPORT, CA US","","","    779.7","","     779.7","0","        73","0","        46","0","         3","0","        0","","         0","0","         0","0","         0","0","         0","0","       229","0","         6","0","       126"," ","         4"," ","         6"," ","    5.0","0,0102, ","     0"," ,0,1231,+","     0"," ,0,1231,+","  37.8"," ,0,0302, ","   35.0","0,1025, ","","","     438.8","8","     438.8","0","    477.1"," ,0","      67.7","X","        0"," ,0","     19.44","0","     22.68","0","     16.21","0","   179796","X","","","","","       180","X","       225","X","","","","","      19.5","X","      15.6","X"
"USW00023188","1984","32.7336","-117.1831","4.6","SAN DIEGO INTERNATIONAL AIRPORT, CA US","       3.3","X","    871.8","","     871.8","0","        42","0","        22","0","         1","0","        0","","         0","0","         0","0","         0","0","         0","0","       236","0","         5","0","       105"," ","        10"," ","         2"," ","    5.6","0,1214, ","     0"," ,0,1231,+","     0"," ,0,1231,+","  39.9"," ,0,1227, ","   37.8","0,0908, ","","","     325.0","0","     325.0","0","    221.5"," ,0","","","        0"," ,0","     19.56","0","     22.76","0","     16.35","0","   190935","X","","","","","       315","X","       315","X","","","","","      18.0","X","      14.3","X"
"USW00023188","1985","32.7336","-117.1831","4.6","SAN DIEGO INTERNATIONAL AIRPORT, CA US","       3.5","X","    531.6","","     531.6","0","        37","0","        19","0","         2","0","        0","","         0","0","         0","0","         0","0","         0","0","       202","0","         7","0","       112"," ","        20"," ","         3"," ","    3.3","0,1213,+","     0"," ,0,1231,+","     0","T,0,1112,+","  51.8"," ,0,1125, ","   36.7","0,1003, ","","","     627.8","8","     627.8","0","    220.3"," ,0","","","        0","T,0","     18.04","0","     21.52","0","     14.57","0","   185110","X","","","","","       315","X","       225","X","","","","","      18.5","X","      13.4","X"
"USW00023188","1986","32.7336","-117.1831","4.6","SAN DIEGO INTERNATIONAL AIRPORT, CA US","       3.2","X","    324.7","","     324.7","0","        34","0","        20","0","         3","0","        0","","         0","0","         0","0","         0","0","         0","0","       206","0","         1","0","       132"," ","        17"," ","         6"," ","    6.1","0,0210, ","     0"," ,0,1231,+","     0"," ,0,1231,+","  39.4"," ,0,0215, ","   32.2","0,0818, ","","","     528.6","6","     528.6","0","    309.8"," ,0","","","        0"," ,0","     17.83","0","     21.54","0","     14.12","0","   188052","X","","","","","","","       180","X","","","","","","","      11.6","X"
"USW00023188","1987","32.7336","-117.1831","4.6","SAN DIEGO INTERNATIONAL AIRPORT, CA US","       3.4","X","    329.2","","     329.2","0","        51","0","        25","0","         1","0","        0","","         0","0","         0","0","         0","0","         0","0","       181","0","         2","0","       121"," ","         8"," ","         4"," ","    1.1","0,1225, ","     0"," ,0,1231,+","     0"," ,0,1231,+","  34.5"," ,0,1216, ","   40.0","0,1003, ","","","     623.6","6","     623.6","0","    294.9"," ,0","","","        0"," ,0","     17.32","0","     20.85","0","     13.79","0","   172550","X","","","","","       225","X","       270","X","","","","","      18.0","X","      13.4","X"
"USW00023188","1988","32.7336","-117.1831","4.6","SAN DIEGO INTERNATIONAL AIRPORT, CA US","       3.3","X","    365.3","","     365.3","0","        39","0","        14","0","         3","0","        0","","         0","0","         0","0","         0","0","         0","0","       205","0","         4","0","       126"," ","        10"," ","         2"," ","    3.3","0,1227, ","     0"," ,0,1231,+","     0"," ,0,1231,+","  36.1"," ,0,0420, ","   41.7","0,0904, ","","","     649.9","9","     649.9","0","    260.7"," ,0","","","        0"," ,0","     17.57","0","     21.29","0","     13.84","0","   185967","X","","","","","       270","X","       225","X","","","","","      28.8","X","      17.9","X"
"USW00023188","1989","32.7336","-117.1831","4.6","SAN DIEGO INTERNATIONAL AIRPORT, CA US","       3.4","X","    385.9","","     385.9","0","        23","0","        12","0","         1","0","        0","","         0","0","         0","0","         0","0","         0","0","       217","0","         6","0","       124"," ","        15"," ","         1"," ","    2.8","0,0109, ","     0"," ,0,1231,+","     0"," ,0,1231,+","  25.7"," ,0,1228, ","   37.8","0,0925, ","","","     706.1","1","     706.1","0","     97.4"," ,0","","","        0"," ,0","     17.67","0","     21.57","0","     13.78","0","   192517","X","","","","","       180","X","       315","X","","","","","      15.4","X","      10.3","X"
"USW00023188","1990","32.7336","-117.1831","4.6","SAN DIEGO INTERNATIONAL AIRPORT, CA US","       3.3","X","    511.3","","     511.3","0","        33","0","        22","0","         0","0","        0","","         0","0","         0","0","         0","0","         0","0","       210","0","         3","0","        81"," ","        15"," ","         6"," ","    2.2","0,1223, ","     0"," ,0,1231,+","     0"," ,0,1231,+","  21.1"," ,0,0114, ","   34.4","0,0626, ","","","     621.4","4","     621.4","0","    185.5"," ,0","","","        0"," ,0","     17.85","0","     21.74","0","     13.96","0","   192622","X","","","","","       315","X","       315","X","","","","","      16.4","X","      11.6","X"
"USW00023188","1991","32.7336","-117.1831","4.6","SAN DIEGO INTERNATIONAL AIRPORT, CA US","       3.6","X","    271.4","","     271.4","0","        37","0","        23","0","         3","0","        0","","         0","0","         0","0","         0","0","         0","0","       170","0","         2","0","       148"," ","        17"," ","         5"," ","    5.6","0,1202,+","     0"," ,0,1231,+","     0"," ,0,1231,+","  33.3"," ,0,0228, ","   34.4","0,0812, ","","","     715.1","1","     715.1","0","    343.4"," ,0","","","        0"," ,0","     17.14","0","     20.78","0","     13.50","0","   183867","X","","","","","","","","","","","","","","","",""
"USW00023188","1992","32.7336","-117.1831","4.6","SAN DIEGO INTERNATIONAL AIRPORT, CA US","       3.7","X","    622.1","","     622.1","0","        49","0","        27","0","         3","0","        0","","         0","0","         0","0","         0","0","         0","0","       256","0","         1","0","       121"," ","        11"," ","         5"," ","    3.3","0,1220, ","     0"," ,0,1231,+","     0"," ,0,1231,+","  49.5"," ,0,0302, ","   32.8","0,0923, ","","","     490.0","0","     490.0","0","    325.5"," ,0","","","        0"," ,0","     18.66","0","     22.46","0","     14.86","0","   185422","X","","","","","       180","X","        45","X","","","","","      17.0","X","      13.0","X"
"USW00023188","1993","32.7336","-117.1831","4.6","SAN DIEGO INTERNATIONAL AIRPORT, CA US","       3.4","X","    378.4","","     378.4","0","        49","0","        29","0","         5","0","        0","","         0","0","         0","0","         0","0","         0","0","       225","0","         0","0","       133"," ","        13"," ","         3"," ","    3.9","0,0104, ","     0"," ,0,1231,+","     0"," ,0,1231,+","  45.7"," ,0,0115, ","   30.6","0,0927, ","","","     568.3","3","     568.3","0","    438.7"," ,0","","","        0"," ,0","     17.83","0","     21.45","0","     14.22","0","   183745","X","","","","","       225","X","       225","X","","","","","      20.6","X","      17.9","X"
"USW00023188","1994","32.7336","-117.1831","4.6","SAN DIEGO INTERNATIONAL AIRPORT, CA US","       3.2","X","    457.2","","     457.2","0","        42","0","        24","0","         1","0","        0","","         0","0","         0","0","         0","0","         0","0","       183","0","         4","0","       116"," ","        11"," ","         3"," ","    3.9","0,1119, ","     0"," ,0,1231,+","     0"," ,0,1231,+","  25.4"," ,0,0319, ","   37.2","0,1009, ","","","     664.9","9","     664.9","0","    239.7"," ,0","","","        0"," ,0","     17.44","0","     21.22","0","     13.67","0","   181635","X","","","","","","","       180","X","","","","","","","      15.2","X"
"USW00023188","1995","32.7336","-117.1831","4.6","SAN DIEGO INTERNATIONAL AIRPORT, CA US","       3.1","X","    359.3","","     359.3","0","        47","0","        31","0","         6","0","        0","","         0","0","         0","0","         0","0","         0","0","       184","0","         1","0","       196"," ","        17"," ","         3"," ","    6.1","0,0118, ","     0"," ,0,1231,+","     0"," ,0,1231,+","  56.9"," ,0,0104, ","   32.2","0,0219, ","","","     723.5","5","     723.5","0","    433.0"," ,0","","","        0"," ,0","     17.77","0","     21.23","0","     14.31","0","   180442","X","","","","","       180","X","","","","","","","      23.1","X","",""
"USW00023188","1996","32.7336","-117.1831","4.6","SAN DIEGO INTERNATIONAL AIRPORT, CA US","       2.9","X","    449.9","","     449.9","0","        42","0","        17","0","         2","0","","","","","         0","0","         0","0","         0","0","       187","0","         0","0","       166"," ","        17"," ","         4"," ","    6.1","0,1220,+","","","","","  28.2"," ,0,1121, ","   31.1","0,1109, ","","","     501.7","7","     501.7","0","    185.3"," ,0","","","","","     18.00","0","     21.16","0","     14.83","0","","","","","","","","","","","","","","","","","",""
"USW00023188","1997","32.7336","-117.1831","4.6","SAN DIEGO INTERNATIONAL AIRPORT, CA US","       2.7","X","    592.7","","     592.7","0","        32","0","        18","0","         0","0","","","","","         0","0","         0","0","         0","0","       224","0","         6","0","       118"," ","         8"," ","         3"," ","    3.9","0,1227, ","","","","","  23.1"," ,0,0112, ","   33.3","0,0924,+","","","     567.7","7","     567.7","0","    178.0"," ,0","","","","","     18.51","0","     21.93","0","     15.10","0","","","        40","X","        50","X","","","","","      15.2","X","      19.2","X","","","",""
"USW00023188","1998","32.7336","-117.1831","4.6","SAN DIEGO INTERNATIONAL AIRPORT, CA US","       2.9","X","    327.7","","     327.7","0","        65","0","        34","0","         4","0","        0","","         0","0","         0","0","         0","0","         0","0","       148","0","         1","0","       154"," ","        10"," ","         3"," ","    3.9","0,1225,+","     0"," ,0,1231,+","     0","T,0,0328, ","  38.6"," ,0,0203, ","   33.3","0,0903, ","","","     645.8","8","     645.8","0","    407.9"," ,0","","","        0","T,0","     17.19","0","     20.26","0","     14.11","0","","","       170","X","       170","X","","","","","      17.0","X","      20.1","X","","","",""
"USW00023188","1999","32.7336","-117.1831","4.6","SAN DIEGO INTERNATIONAL AIRPORT, CA US","       2.7","X","    225.9","","     225.9","0","        34","0","        15","0","         0","0","        0","","         0","0","         0","0","         0","0","         0","0","       138","0","         1","0","       172"," ","        20"," ","         1"," ","    6.1","0,0212,+","     0"," ,0,1231,+","     0","T,0,0407, ","  19.6"," ,0,0125, ","   32.2","0,0929, ","","","     847.6","6","     847.6","0","    138.2"," ,0","","","        0","T,0","     16.76","0","     20.14","0","     13.38","0","","","       260","X","       250","X","","","","","      14.3","X","      16.5","X","","","",""
"USW00023188","2000","32.7336","-117.1831","4.6","SAN DIEGO INTERNATIONAL AIRPORT, CA US","       2.7","X","    374.6","","     374.6","0","        43","0","        14","0","         1","0","","","","","         0","0","         0","0","         0","0","       182","0","         0","0","       175"," ","        16"," ","         5"," ","    6.1","0,0106, ","","","","","  40.4"," ,0,0221, ","   31.7","0,0625, ","","","     612.7","7","     612.7","0","    175.8"," ,0","","","","","     17.57","0","     20.73","0","     14.41","0","","","       250","X","       250","X","","","","","      17.0","X","      20.1","X","","","",""
"USW00023188","2001","32.7336","-117.1831","4.6","SAN DIEGO INTERNATIONAL AIRPORT, CA US","       2.7","X","    282.9","","     282.9","0","        39","0","        21","0","         1","0","","","","","         0","0","         0","0","         0","0","       158","0","         0","0","       217"," ","        15"," ","         2"," ","    5.0","0,0117, ","","","","","  26.9"," ,0,0111, ","   29.4","0,0925, ","","","     829.4","4","     829.4","0","    214.9"," ,0","","","","","     16.86","0","     19.80","0","     13.91","0","","","       170","X","       140","X","","","","","      14.8","X","      20.6","X","","","",""
"USW00023188","2002","32.7336","-117.1831","4.6","SAN DIEGO INTERNATIONAL AIRPORT, CA US","       2.7","X","    235.0","","     235.0","0","        30","0","        14","0","         0","0","","","","","         0","0","         0","0","         0","0","       131","0","         1","0","       186"," ","        11"," ","         3"," ","    3.9","0,0130, ","","","","","  20.8"," ,0,1221, ","   32.8","0,0901, ","","","     802.8","8","     802.8","0","    107.7"," ,0","","","","","     16.84","0","     19.97","0","     13.72","0","","","        80","X","        80","X","","","","","      13.9","X","      16.5","X","","","",""
"USW00023188","2003","32.7336","-117.1831","4.6","SAN DIEGO INTERNATIONAL AIRPORT, CA US","       2.6","X","    379.9","","     379.9","0","        30","0","        16","0","         3","0","","","","","         0","0","         0","0","         0","0","       160","0","         0","0","       196"," ","        16"," ","","","    4.4","0,1228, ","","","","","  37.6"," ,0,0225, ","   31.1","0,1026,+","","","     609.1","1","     609.1","0","    233.4"," ,0","","","","","     17.65","0","     20.79","0","     14.52","0","","","       280","X","        70","X","","","","","      13.4","X","      17.0","X","","","",""
"USW00023188","2004","32.7336","-117.1831","4.6","SAN DIEGO INTERNATIONAL AIRPORT, CA US","       2.7","X","    512.0","","     512.0","0","        39","0","        22","0","         4","0","","","","","         0","0","         0","0","         0","0","       181","0","         4","0","        97"," ","        10"," ","         2"," ","    5.0","0,1130, ","","","","","  68.6"," ,0,1027, ","   35.6","0,0905, ","","","     572.9","9","     572.9","0","    337.5"," ,0","","","","","     18.12","0","     21.17","0","     15.06","0","","","       180","X","       170","X","","","","","      20.6","X","      25.9","X","","","",""
"USW00023188","2005","32.7336","-117.1831","4.6","SAN DIEGO INTERNATIONAL AIRPORT, CA US","       2.7","X","    342.1","","     342.1","0","        50","0","        22","0","         4","0","","","","","         0","0","         0","0","         0","0","       175","0","         0","0","       121"," ","        11"," ","         5"," ","    6.7","0,1206,+","","","","","  55.4"," ,0,0221, ","   31.7","0,1006, ","","","     562.6","6","     562.6","0","    359.1"," ,0","","","","","     17.86","0","     20.99","0","     14.72","0","","","       160","X","       170","X","","","","","      12.5","X","      14.8","X","","","",""
"USW00023188","2006","32.7336","-117.1831","4.6","SAN DIEGO INTERNATIONAL AIRPORT, CA US","       2.7","W","    563.2","","     563.2","0","        42","0","        16","0","         0","0","","","","","         0","0","         0","0","         0","0","       188","0","         2","0","        98"," ","        19"," ","         2"," ","    5.6","0,1219,+","","","","","  19.6"," ,0,0522, ","   37.2","0,0722, ","","","     619.1","1","     619.1","0","    156.4"," ,0","","","","","     18.10","0","     21.46","0","     14.74","0","","","       290","X","       290","X","","","","","      14.3","X","      17.9","X","","","",""
"USW00023188","2007","32.7336","-117.1831","4.6","SAN DIEGO INTERNATIONAL AIRPORT, CA US","       2.6","W","    391.3","","     391.3","0","        32","0","        12","0","         0","0","","","","","         0","0","         0","0","         0","0","       154","0","         1","0","        93"," ","         9"," ","         2"," ","    1.7","0,0115, ","","","","","  23.6"," ,0,1130, ","   32.8","0,0903, ","","","     744.2","2","     744.2","0","    111.3"," ,0","","","","","     17.15","0","     20.32","0","     13.98","0","","","       290","X","       280","X","","","","","      14.3","X","      17.0","X","","","",""
"USW00023188","2008","32.7336","-117.1831","4.6","SAN DIEGO INTERNATIONAL AIRPORT, CA US","       2.4","W","    499.9","","     499.9","0","        36","0","        23","0","         3","0","","","","","         0","0","         0","0","         0","0","       192","0","         3","0","       114"," ","        22"," ","         3"," ","    5.0","0,1228,+","","","","","  40.6"," ,0,1217, ","   34.4","0,1008,+","","","     852.4","4","     852.4","0","    282.3"," ,0","","","","","     17.59","0","     21.06","0","     14.13","0","","","       160","X","       160","X","","","","","      13.9","X","      19.7","X","","","",""
"USW00023188","2009","32.7336","-117.1831","4.6","SAN DIEGO INTERNATIONAL AIRPORT, CA US","       2.4","W","    430.3","","     430.3","0","        24","0","        10","0","         2","0","","","","","         0","0","         0","0","         0","0","       194","0","         4","0","       120"," ","        20"," ","         1"," ","    5.6","0,1225,+","","","","","  39.6"," ,0,1207, ","   36.7","0,0420, ","","","     574.6","6","     574.6","0","    139.8"," ,0","","","","","     17.81","0","     21.21","0","     14.41","0","","","       270","X","       290","X","","","","","      14.3","X","      19.2","X","","","",""
"USW00023188","2010","32.7336","-117.1831","4.6","SAN DIEGO INTERNATIONAL AIRPORT, CA US","       2.5","W","    243.1","","     243.1","0","        60","0","        30","0","         3","0","","","","","         0","0","         0","0","         0","0","       130","0","         3","0","       141"," ","        17"," ","         3"," ","    5.6","0,1130, ","","","","","  51.1"," ,0,1221, ","   37.8","0,1104, ","","","     691.4","4","     691.4","0","    413.7"," ,0","","","","","     17.15","0","     20.35","0","     13.95","0","","","       260","X","       180","X","","","","","      15.6","X","      21.0","X","","","",""
"USW00023188","2011","32.7336","-117.1831","4.6","SAN DIEGO INTERNATIONAL AIRPORT, CA US","       2.4","W","    299.2","","     299.2","X","        39","X","        16","X","         1","X","","","","","         0","X","         0","X","         0","X","       181","X","         1","X","        99"," ","        14"," ","         1"," ","    5.0","X,1224,+","","","","","  35.6"," ,X,1112, ","   36.1","X,0906, ","","","     545.7","7","     545.7","X","    230.9"," ,X","","","","","     17.48","X","     20.89","X","     14.07","X","","","       150","X","       160","X","","","","","      14.3","X","      18.3","X","","","",""
"USW00023188","2012","32.7336","-117.1831","4.6","SAN DIEGO INTERNATIONAL AIRPORT, CA US","       2.4","X","    478.7","","     478.7","X","        40","X","        20","X","         1","X","","","","","         0","X","         0","X","         0","X","       170","X","         3","X","        50"," ","        17"," ","         1"," ","    5.0","X,1231, ","","","","","  39.6"," ,X,1213, ","   38.3","X,0915, ","","","     716.6","6","     716.6","X","    168.7"," ,X","","","","","     17.87","X","     21.11","X","     14.64","X","","","       170","X","       170","X","","","","","      14.3","X","      17.4","X","","","",""
"USW00023188","2013","32.7336","-117.1831","4.6","SAN DIEGO INTERNATIONAL AIRPORT, CA US","       2.4","W","    404.7","","     404.7","W","        28","W","        13","W","         1","W","","","","","         0","W","         0","W","         0","W","       198","W","         0","W","        20"," ","         5"," ","         2"," ","    3.9","W,0114, ","","","","","  26.4"," ,W,0308, ","   31.7","W,0830, ","","","     639.9","9","     639.9","W","    141.7"," ,W","","","","","     17.79","W","     21.20","W","     14.38","W","","","       280","W","       230","W","","","","","      11.6","W","      17.0","W","","","",""
"USW00023188","2014","32.7336","-117.1831","4.6","SAN DIEGO INTERNATIONAL AIRPORT, CA US","       2.4","W","    796.7","","     796.7","W","        29","W","        14","W","         3","W","","","","","         0","W","         0","W","         0","W","       253","W","        13","W","        44"," ","         7"," ","         4"," ","    6.1","W,1231,+","","","","","  46.7"," ,W,1204, ","   36.1","W,0515, ","","","     329.3","3","     329.3","W","    197.9"," ,W","","","","","     19.74","W","     23.24","W","     16.25","W","","","       170","W","        20","W","","","","","      16.5","W","      20.1","W","","","",""
"USW00023188","2015","32.7336","-117.1831","4.6","SAN DIEGO INTERNATIONAL AIRPORT, CA US","       2.3","W","    839.9","","     839.9","W","        45","W","        21","W","         4","W","","","","","         0","W","         0","W","         0","W","       250","W","         9","W","        88"," ","         8"," ","         6"," ","    5.0","W,1227,+","","","","","  41.4"," ,W,0514, ","   37.2","W,1009, ","","","     268.4","4","     268.4","W","    252.0"," ,W","","","","","     19.70","W","     23.30","W","     16.10","W","","","       290","W","       320","W","","","","","      12.5","W","      17.0","W","","","",""
"USW00023188","2016","32.7336","-117.1831","4.6","SAN DIEGO INTERNATIONAL AIRPORT, CA US","       2.5","W","    619.0","","     619.0","W","        40","W","        25","W","         2","W","","","","","         0","W","         0","W","         0","W","       242","W","         6","W","        97"," ","        15"," ","         6"," ","    5.0","W,1219, ","","","","","  41.9"," ,W,0105, ","   38.3","W,0926, ","","","     382.9","9","     382.9","W","    259.9"," ,W","","","","","     19.05","W","     22.64","W","     15.46","W","","","       260","W","       220","W","","","","","      17.4","W","      21.5","W","","","",""
"USW00023188","2017","32.7336","-117.1831","4.6","SAN DIEGO INTERNATIONAL AIRPORT, CA US","       2.6","W","    634.2","","     634.2","W","        32","W","        13","W","         3","W","","","","","         0","W","         0","W","         0","W","       241","W","         7","W","       107"," ","        21"," ","         3"," ","    5.0","W,1222, ","","","","","  59.4"," ,W,0227, ","   36.7","W,1025, ","","","     430.2","2","     430.2","W","    201.5"," ,W","","","","","     18.95","W","     22.53","W","     15.37","W","","","       170","W","       180","W","","","","","      17.9","W","      23.3","W","","","",""
"USW00023188","2018","32.7336","-117.1831","4.6","SAN DIEGO INTERNATIONAL AIRPORT, CA US","       2.6","W","    676.0","","     676.0","W","        28","W","        13","W","         2","W","","","","","         0","W","         0","W","         0","W","       229","W","         3","W","        96"," ","        14"," ","         2"," ","    5.0","W,1229, ","","","","","  45.7"," ,W,1206, ","   35.6","W,0706, ","","","     403.5","5","     403.5","W","    194.6"," ,W","","","","","     19.06","W","     22.53","W","     15.59","W","","","       160","W","       160","W","","","","","      16.5","W","      20.6","W","","","",""
"USW00023188","2019","32.7336","-117.1831","4.6","SAN DIEGO INTERNATIONAL AIRPORT, CA US","       2.5","W","    433.0","","     433.0","W","        62","W","        33","W","         4","W","","","","","         0","W","         0","W","         0","W","       197","W","         4","W","       118"," ","         9"," ","         7"," ","    5.0","W,1218,+","","","","","  34.8"," ,W,1128, ","   34.4","W,1024, ","","","     488.4","4","     488.4","W","    388.6"," ,W","","","","","     18.01","W","     21.60","W","     14.43","W","","","       290","W","       180","W","","","","","      17.0","W","      21.0","W","","","",""
"USW00023188","2020","32.7336","-117.1831","4.6","SAN DIEGO INTERNATIONAL AIRPORT, CA US","       2.3","W","    693.5","","     693.5","W","        41","W","        20","W","         2","W","","","","","         0","W","         0","W","         0","W","       244","W","        10","W","       130"," ","        26"," ","         3"," ","    3.3","W,0205, ","","","","","  29.5"," ,W,0409, ","   37.8","W,0906, ","","","     461.9","9","     461.9","W","    199.2"," ,W","","","","","     18.89","W","     22.90","W","     14.87","W","","","       260","W","       260","W","","","","","      13.0","W","      16.1","W","","","",""
"USW00023188","2021","32.7336","-117.1831","4.6","SAN DIEGO INTERNATIONAL AIRPORT, CA US","       2.4","W","    562.3","","     562.3","W","        40","W","        20","W","         0","W","","","","","         0","W","         0","W","         0","W","       203","W","         2","W","       110"," ","        11"," ","         8"," ","    3.3","W,1216, ","","","","","  24.9"," ,W,1214, ","   33.3","W,1112, ","","","     556.4","4","     556.4","W","    199.7"," ,W","","","","","     18.27","W","     21.95","W","     14.58","W","","","       270","W","       280","W","","","","","      16.1","W","      21.0","W","","","",""
"USW00023188","2022","32.7336","-117.1831","4.6","SAN DIEGO INTERNATIONAL AIRPORT, CA US","       2.3","W","    526.3","","     526.3","W","        30","W","        15","W","         0","W","","","","","         0","W","         0","W","         0","W","       188","W","         6","W","       102"," ","        10"," ","         6"," ","    3.3","W,0225,+","","","","","  21.3"," ,W,1108, ","   35.0","W,1019,+","","","     679.5","5","     679.5","W","    149.9"," ,W","","","","","     17.76","W","     21.79","W","     13.74","W","","","       280","W","       280","W","","","","","      11.6","W","      16.1","W","","","",""
"USW00023188","2023","32.7336","-117.1831","4.6","SAN DIEGO INTERNATIONAL AIRPORT, CA US","       2.4","W","    372.6","","     372.6","W","        59","W","        28","W","         5","W","","","","","         0","W","         0","W","         0","W","       183","W","         0","W","       149"," ","        10"," ","         7"," ","    3.9","W,0216, ","","","","","  46.2"," ,W,0820, ","   30.0","W,0911, ","","","     844.2","2","     844.2","W","    367.1"," ,W","","","","","     17.28","W","     20.99","W","     13.57","W","","","       270","W","       260","W","","","","","      17.4","W","      21.9","W","","","",""
"USW00023188","2024","32.7336","-117.1831","4.6","SAN DIEGO INTERNATIONAL AIRPORT, CA US","       2.4","W","    460.6","","     460.6","W","        38","W","        18","W","         3","W","","","","","         0","W","         0","W","         0","W","       176","W","         3","W","       105"," ","        14"," ","         3"," ","    3.3","W,0109,+","","","","","  69.3"," ,W,0122, ","   34.4","W,0908, ","","","     624.0","0","     624.0","W","    283.6"," ,W","","","","","     17.75","W","     21.31","W","     14.18","W","","","       280","W","       250","W","","","","","      11.6","W","      16.1","W","","","",""
"USW00023188","2025","32.7336","-117.1831","4.6","SAN DIEGO INTERNATIONAL AIRPORT, CA US","","","","","","","","","","","","","","","","","","","","","","","","","","","        43"," ","        10"," ","         1"," ","","","","","","","","","","","","","","","","","","","","","","","","","","","","","","","","","","","","","","","","","","","","","",""
